filename,label,source,camera,augmentation_params
IMG_3352.JPG,NORMAL,original,Remidio,
IMG_2540.JPG,NORMAL,original,Remidio,
IMG_2737.JPG,NORMAL,original,Remidio,
P3_Image1.JPG,NORMAL,original,Bosch,
30.png,NORMAL,original,Forus,
IMG_3331.JPG,NORMAL,original,Remidio,
IMG_3550.JPG,NORMAL,original,Remidio,
82021.jpg,GLAUCOMA SUSPECT,original,Remidio,
18499.jpg,NORMAL,original,Remidio,
81590.jpg,NORMAL,original,Remidio,
IMG_3480.JPG,NORMAL,original,Remidio,
IMG_3707.JPG,NORMAL,original,Remidio,
IMG_3256.JPG,NORMAL,original,Remidio,
IMG_2532.JPG,NORMAL,original,Remidio,
IMG_2749.JPG,NORMAL,original,Remidio,
IMG_3491.JPG,NORMAL,original,Remidio,
IMG_3324.JPG,NORMAL,original,Remidio,
IMG_2665.JPG,NORMAL,original,Remidio,
IMG_3194.JPG,NORMAL,original,Remidio,
IMG_3640.JPG,NORMAL,original,Remidio,
17521.jpg,NORMAL,original,Remidio,
IMG_3261.JPG,NORMAL,original,Remidio,
IMG_3153.JPG,NORMAL,original,Remidio,
IMG_2681.JPG,NORMAL,original,Remidio,
IMG_3641.JPG,NORMAL,original,Remidio,
IMG_3319.JPG,GLAUCOMA SUSPECT,original,Remidio,
IMG_2467.JPG,NORMAL,original,Remidio,
IMG_3424.JPG,NORMAL,original,Remidio,
IMG_2760.JPG,NORMAL,original,Remidio,
IMG_3584.JPG,NORMAL,original,Remidio,
IMG_3576.JPG,GLAUCOMA SUSPECT,original,Remidio,
IMG_3413.JPG,NORMAL,original,Remidio,
IMG_3169.JPG,NORMAL,original,Remidio,
IMG_2626.JPG,NORMAL,original,Remidio,
47.png,NORMAL,original,Forus,
IMG_2783.JPG,NORMAL,original,Remidio,
IMG_2581.JPG,GLAUCOMA SUSPECT,original,Remidio,
IMG_2526.JPG,NORMAL,original,Remidio,
IMG_2557.JPG,NORMAL,original,Remidio,
IMG_3184.JPG,NORMAL,original,Remidio,
IMG_3298.JPG,NORMAL,original,Remidio,
IMG_3375.JPG,NORMAL,original,Remidio,
Image109.JPG,NORMAL,original,Bosch,
IMG_2617.JPG,NORMAL,original,Remidio,
IMG_3365.JPG,NORMAL,original,Remidio,
IMG_2620.JPG,NORMAL,original,Remidio,
IMG_3678.JPG,NORMAL,original,Remidio,
IMG_2619.JPG,NORMAL,original,Remidio,
IMG_2763.JPG,NORMAL,original,Remidio,
Image190.JPG,NORMAL,original,Bosch,
Image166.JPG,NORMAL,original,Bosch,
29.png,NORMAL,original,Forus,
72.png,NORMAL,original,Forus,
IMG_2807.JPG,NORMAL,original,Remidio,
Image136.JPG,NORMAL,original,Bosch,
IMG_2542.JPG,NORMAL,original,Remidio,
IMG_3440.JPG,NORMAL,original,Remidio,
IMG_2608.JPG,NORMAL,original,Remidio,
IMG_2472.JPG,NORMAL,original,Remidio,
IMG_3161.JPG,NORMAL,original,Remidio,
IMG_3626.JPG,NORMAL,original,Remidio,
IMG_3537.JPG,NORMAL,original,Remidio,
P1_Image1.JPG,NORMAL,original,Bosch,
IMG_3658.JPG,NORMAL,original,Remidio,
IMG_3209.JPG,NORMAL,original,Remidio,
IMG_3257.JPG,NORMAL,original,Remidio,
IMG_3295.JPG,NORMAL,original,Remidio,
P6_Image1.JPG,NORMAL,original,Bosch,
IMG_2509.JPG,NORMAL,original,Remidio,
IMG_2446.JPG,NORMAL,original,Remidio,
61.png,NORMAL,original,Forus,
10.png,NORMAL,original,Forus,
IMG_3166.JPG,NORMAL,original,Remidio,
IMG_3164.JPG,NORMAL,original,Remidio,
IMG_3246.JPG,NORMAL,original,Remidio,
13.png,GLAUCOMA SUSPECT,original,Forus,
IMG_3332.JPG,NORMAL,original,Remidio,
IMG_3418.JPG,NORMAL,original,Remidio,
IMG_2743.JPG,NORMAL,original,Remidio,
Image137.JPG,NORMAL,original,Bosch,
IMG_3586.JPG,NORMAL,original,Remidio,
IMG_3182.JPG,NORMAL,original,Remidio,
38.png,NORMAL,original,Forus,
IMG_3235.JPG,NORMAL,original,Remidio,
IMG_3316.JPG,NORMAL,original,Remidio,
IMG_2695.JPG,NORMAL,original,Remidio,
IMG_2715.JPG,NORMAL,original,Remidio,
Image115.JPG,GLAUCOMA SUSPECT,original,Bosch,
Image173.JPG,NORMAL,original,Bosch,
IMG_3519.JPG,GLAUCOMA SUSPECT,original,Remidio,
IMG_2434.JPG,NORMAL,original,Remidio,
IMG_2755.JPG,NORMAL,original,Remidio,
8.png,NORMAL,original,Forus,
Image110.JPG,NORMAL,original,Bosch,
69707.jpg,GLAUCOMA SUSPECT,original,Remidio,
IMG_2443.JPG,NORMAL,original,Remidio,
Image114.JPG,GLAUCOMA SUSPECT,original,Bosch,
IMG_2534.JPG,GLAUCOMA SUSPECT,original,Remidio,
IMG_3340.JPG,GLAUCOMA SUSPECT,original,Remidio,
IMG_3271.JPG,NORMAL,original,Remidio,
Image182.JPG,NORMAL,original,Bosch,
IMG_3337.JPG,NORMAL,original,Remidio,
Image142.JPG,NORMAL,original,Bosch,
IMG_2630.JPG,NORMAL,original,Remidio,
IMG_3477.JPG,NORMAL,original,Remidio,
Image163.JPG,NORMAL,original,Bosch,
IMG_3400.JPG,NORMAL,original,Remidio,
51.png,NORMAL,original,Forus,
IMG_3242.JPG,NORMAL,original,Remidio,
55.png,NORMAL,original,Forus,
IMG_2732.JPG,NORMAL,original,Remidio,
IMG_2551.JPG,GLAUCOMA SUSPECT,original,Remidio,
IMG_2615.JPG,NORMAL,original,Remidio,
IMG_2788.JPG,NORMAL,original,Remidio,
IMG_3285.JPG,NORMAL,original,Remidio,
IMG_3206.JPG,NORMAL,original,Remidio,
P4_Image2.JPG,NORMAL,original,Bosch,
IMG_2678.JPG,NORMAL,original,Remidio,
IMG_2690.JPG,NORMAL,original,Remidio,
IMG_3632.JPG,NORMAL,original,Remidio,
70718.jpg,NORMAL,original,Remidio,
IMG_3460.JPG,NORMAL,original,Remidio,
IMG_3636.JPG,GLAUCOMA SUSPECT,original,Remidio,
IMG_3174.JPG,NORMAL,original,Remidio,
IMG_3240.JPG,NORMAL,original,Remidio,
IMG_2553.JPG,NORMAL,original,Remidio,
IMG_3237.JPG,GLAUCOMA SUSPECT,original,Remidio,
IMG_2652.JPG,NORMAL,original,Remidio,
IMG_2752.JPG,NORMAL,original,Remidio,
IMG_2538.JPG,GLAUCOMA SUSPECT,original,Remidio,
Image150.JPG,GLAUCOMA SUSPECT,original,Bosch,
Image177.JPG,NORMAL,original,Bosch,
IMG_3478.JPG,NORMAL,original,Remidio,
31.png,NORMAL,original,Forus,
IMG_3308.JPG,NORMAL,original,Remidio,
Image179.JPG,NORMAL,original,Bosch,
IMG_3225.JPG,NORMAL,original,Remidio,
IMG_2478.JPG,NORMAL,original,Remidio,
IMG_3238.JPG,GLAUCOMA SUSPECT,original,Remidio,
IMG_2506.JPG,NORMAL,original,Remidio,
P7_Image2.JPG,NORMAL,original,Bosch,
IMG_3646.JPG,NORMAL,original,Remidio,
IMG_2552.JPG,GLAUCOMA SUSPECT,original,Remidio,
IMG_2716.JPG,NORMAL,original,Remidio,
IMG_2641.JPG,NORMAL,original,Remidio,
IMG_3481.JPG,GLAUCOMA SUSPECT,original,Remidio,
IMG_3451.JPG,GLAUCOMA SUSPECT,original,Remidio,
IMG_2784.JPG,NORMAL,original,Remidio,
IMG_3217.JPG,NORMAL,original,Remidio,
IMG_3222.JPG,NORMAL,original,Remidio,
IMG_3190.JPG,GLAUCOMA SUSPECT,original,Remidio,
77.png,NORMAL,original,Forus,
IMG_2708.JPG,NORMAL,original,Remidio,
Image181.JPG,NORMAL,original,Bosch,
IMG_2494.JPG,NORMAL,original,Remidio,
IMG_3293.JPG,GLAUCOMA SUSPECT,original,Remidio,
IMG_2645.JPG,NORMAL,original,Remidio,
IMG_2761.JPG,NORMAL,original,Remidio,
IMG_3538.JPG,NORMAL,original,Remidio,
P2_Image2.JPG,GLAUCOMA SUSPECT,original,Bosch,
IMG_3588.JPG,GLAUCOMA SUSPECT,original,Remidio,
IMG_3548.JPG,NORMAL,original,Remidio,
P4_Image1.JPG,NORMAL,original,Bosch,
IMG_3635.JPG,GLAUCOMA SUSPECT,original,Remidio,
9.png,NORMAL,original,Forus,
IMG_3214.JPG,NORMAL,original,Remidio,
Image101.JPG,GLAUCOMA SUSPECT,original,Bosch,
IMG_2786.JPG,NORMAL,original,Remidio,
64.png,NORMAL,original,Forus,
IMG_3564.JPG,NORMAL,original,Remidio,
IMG_3438.JPG,NORMAL,original,Remidio,
60.png,NORMAL,original,Forus,
IMG_2613.JPG,NORMAL,original,Remidio,
IMG_3336.JPG,NORMAL,original,Remidio,
IMG_3188.JPG,NORMAL,original,Remidio,
IMG_2647.JPG,NORMAL,original,Remidio,
IMG_3419.JPG,NORMAL,original,Remidio,
IMG_3220.JPG,NORMAL,original,Remidio,
IMG_2466.JPG,NORMAL,original,Remidio,
Image127.JPG,GLAUCOMA SUSPECT,original,Bosch,
IMG_3631.JPG,NORMAL,original,Remidio,
IMG_2770.JPG,NORMAL,original,Remidio,
IMG_3453.JPG,NORMAL,original,Remidio,
IMG_3425.JPG,NORMAL,original,Remidio,
Image157.JPG,NORMAL,original,Bosch,
IMG_3160.JPG,GLAUCOMA SUSPECT,original,Remidio,
IMG_2658.JPG,NORMAL,original,Remidio,
IMG_3401.JPG,NORMAL,original,Remidio,
IMG_2597.JPG,NORMAL,original,Remidio,
IMG_3264.JPG,NORMAL,original,Remidio,
IMG_2742.JPG,GLAUCOMA SUSPECT,original,Remidio,
67.png,NORMAL,original,Forus,
IMG_3650.JPG,NORMAL,original,Remidio,
IMG_2684.JPG,NORMAL,original,Remidio,
IMG_2782.JPG,NORMAL,original,Remidio,
IMG_2664.JPG,NORMAL,original,Remidio,
IMG_2447.JPG,NORMAL,original,Remidio,
IMG_3278.JPG,NORMAL,original,Remidio,
IMG_3509.JPG,NORMAL,original,Remidio,
IMG_2649.JPG,NORMAL,original,Remidio,
43.png,NORMAL,original,Forus,
67239.jpg,NORMAL,original,Remidio,
IMG_2548.JPG,NORMAL,original,Remidio,
IMG_3186.JPG,NORMAL,original,Remidio,
IMG_2479.JPG,NORMAL,original,Remidio,
IMG_3387.JPG,NORMAL,original,Remidio,
P8_Image2.JPG,NORMAL,original,Bosch,
IMG_2499.JPG,NORMAL,original,Remidio,
Image164.JPG,NORMAL,original,Bosch,
IMG_2713.JPG,GLAUCOMA SUSPECT,original,Remidio,
IMG_2672.JPG,NORMAL,original,Remidio,
IMG_2773.JPG,NORMAL,original,Remidio,
Image138.JPG,NORMAL,original,Bosch,
IMG_2612.JPG,NORMAL,original,Remidio,
IMG_2744.JPG,NORMAL,original,Remidio,
Image148.JPG,GLAUCOMA SUSPECT,original,Bosch,
IMG_3493.JPG,NORMAL,original,Remidio,
IMG_3544.JPG,NORMAL,original,Remidio,
IMG_2485.JPG,NORMAL,original,Remidio,
IMG_2432.JPG,NORMAL,original,Remidio,
IMG_2537.JPG,GLAUCOMA SUSPECT,original,Remidio,
IMG_2482.JPG,NORMAL,original,Remidio,
91.png,GLAUCOMA SUSPECT,original,Forus,
IMG_2795.JPG,NORMAL,original,Remidio,
IMG_3495.JPG,NORMAL,original,Remidio,
IMG_2781.JPG,GLAUCOMA SUSPECT,original,Remidio,
IMG_3231.JPG,NORMAL,original,Remidio,
Image133.JPG,NORMAL,original,Bosch,
IMG_3619.JPG,NORMAL,original,Remidio,
IMG_3191.JPG,GLAUCOMA SUSPECT,original,Remidio,
IMG_3198.JPG,GLAUCOMA SUSPECT,original,Remidio,
IMG_2598.JPG,NORMAL,original,Remidio,
35977.jpg,NORMAL,original,Remidio,
IMG_2516.JPG,NORMAL,original,Remidio,
IMG_3185.JPG,NORMAL,original,Remidio,
IMG_3392.JPG,NORMAL,original,Remidio,
IMG_3421.JPG,NORMAL,original,Remidio,
IMG_3581.JPG,NORMAL,original,Remidio,
17.png,NORMAL,original,Forus,
IMG_2670.JPG,NORMAL,original,Remidio,
69.png,NORMAL,original,Forus,
IMG_2568.JPG,NORMAL,original,Remidio,
IMG_3360.JPG,GLAUCOMA SUSPECT,original,Remidio,
IMG_2498.JPG,NORMAL,original,Remidio,
88.png,NORMAL,original,Forus,
IMG_3307.JPG,NORMAL,original,Remidio,
IMG_3468.JPG,NORMAL,original,Remidio,
IMG_2750.JPG,NORMAL,original,Remidio,
IMG_2682.JPG,NORMAL,original,Remidio,
IMG_2585.JPG,NORMAL,original,Remidio,
IMG_3497.JPG,NORMAL,original,Remidio,
IMG_3558.JPG,NORMAL,original,Remidio,
IMG_2806.JPG,NORMAL,original,Remidio,
IMG_2574.JPG,NORMAL,original,Remidio,
IMG_2748.JPG,NORMAL,original,Remidio,
IMG_3575.JPG,NORMAL,original,Remidio,
Image151.JPG,NORMAL,original,Bosch,
IMG_2727.JPG,NORMAL,original,Remidio,
IMG_3232.JPG,NORMAL,original,Remidio,
46109.jpg,NORMAL,original,Remidio,
Image159.JPG,GLAUCOMA SUSPECT,original,Bosch,
IMG_2579.JPG,NORMAL,original,Remidio,
IMG_2730.JPG,GLAUCOMA SUSPECT,original,Remidio,
IMG_3204.JPG,NORMAL,original,Remidio,
28.png,NORMAL,original,Forus,
IMG_2650.JPG,NORMAL,original,Remidio,
IMG_3165.JPG,NORMAL,original,Remidio,
IMG_3659.JPG,NORMAL,original,Remidio,
IMG_2440.JPG,NORMAL,original,Remidio,
IMG_2703.JPG,NORMAL,original,Remidio,
Image178.JPG,NORMAL,original,Bosch,
IMG_2794.JPG,NORMAL,original,Remidio,
IMG_2777.JPG,NORMAL,original,Remidio,
IMG_3351.JPG,NORMAL,original,Remidio,
IMG_3372.JPG,NORMAL,original,Remidio,
IMG_2710.JPG,NORMAL,original,Remidio,
IMG_3411.JPG,NORMAL,original,Remidio,
IMG_3353.JPG,NORMAL,original,Remidio,
IMG_3321.JPG,NORMAL,original,Remidio,
Image180.JPG,NORMAL,original,Bosch,
IMG_2702.JPG,NORMAL,original,Remidio,
IMG_3692.JPG,NORMAL,original,Remidio,
IMG_3327.JPG,NORMAL,original,Remidio,
IMG_3503.JPG,NORMAL,original,Remidio,
IMG_3450.JPG,NORMAL,original,Remidio,
IMG_2487.JPG,NORMAL,original,Remidio,
IMG_3426.JPG,NORMAL,original,Remidio,
IMG_3215.JPG,NORMAL,original,Remidio,
IMG_2707.JPG,NORMAL,original,Remidio,
P9_Image1.JPG,NORMAL,original,Bosch,
IMG_2535.JPG,NORMAL,original,Remidio,
IMG_3567.JPG,NORMAL,original,Remidio,
IMG_2561.JPG,NORMAL,original,Remidio,
IMG_2757.JPG,NORMAL,original,Remidio,
IMG_3499.JPG,NORMAL,original,Remidio,
IMG_3335.JPG,NORMAL,original,Remidio,
90.png,NORMAL,original,Forus,
IMG_2667.JPG,NORMAL,original,Remidio,
IMG_2567.JPG,NORMAL,original,Remidio,
IMG_2486.JPG,NORMAL,original,Remidio,
IMG_2523.JPG,NORMAL,original,Remidio,
IMG_3667.JPG,NORMAL,original,Remidio,
IMG_2785.JPG,NORMAL,original,Remidio,
IMG_3510.JPG,NORMAL,original,Remidio,
70.png,NORMAL,original,Forus,
IMG_2545.JPG,NORMAL,original,Remidio,
IMG_2780.JPG,GLAUCOMA SUSPECT,original,Remidio,
IMG_2683.JPG,NORMAL,original,Remidio,
IMG_2799.JPG,NORMAL,original,Remidio,
IMG_2510.JPG,GLAUCOMA SUSPECT,original,Remidio,
IMG_2618.JPG,NORMAL,original,Remidio,
IMG_3428.JPG,NORMAL,original,Remidio,
IMG_3704.JPG,NORMAL,original,Remidio,
IMG_3359.JPG,GLAUCOMA SUSPECT,original,Remidio,
IMG_2685.JPG,NORMAL,original,Remidio,
Image160.JPG,NORMAL,original,Bosch,
59.png,NORMAL,original,Forus,
IMG_2604.JPG,NORMAL,original,Remidio,
IMG_3355.JPG,NORMAL,original,Remidio,
66.png,NORMAL,original,Forus,
41.png,NORMAL,original,Forus,
IMG_3671.JPG,NORMAL,original,Remidio,
Image156.JPG,NORMAL,original,Bosch,
18.png,NORMAL,original,Forus,
IMG_2471.JPG,NORMAL,original,Remidio,
IMG_2584.JPG,NORMAL,original,Remidio,
Image149.JPG,GLAUCOMA SUSPECT,original,Bosch,
IMG_3674.JPG,NORMAL,original,Remidio,
IMG_3310.JPG,NORMAL,original,Remidio,
37749.jpg,NORMAL,original,Remidio,
IMG_3348.JPG,NORMAL,original,Remidio,
IMG_3412.JPG,GLAUCOMA SUSPECT,original,Remidio,
63.png,NORMAL,original,Forus,
IMG_2492.JPG,NORMAL,original,Remidio,
IMG_3504.JPG,NORMAL,original,Remidio,
IMG_3545.JPG,GLAUCOMA SUSPECT,original,Remidio,
IMG_2751.JPG,NORMAL,original,Remidio,
Image126.JPG,NORMAL,original,Bosch,
IMG_2527.JPG,GLAUCOMA SUSPECT,original,Remidio,
IMG_2508.JPG,NORMAL,original,Remidio,
Image169.JPG,NORMAL,original,Bosch,
Image139.JPG,NORMAL,original,Bosch,
IMG_2505.JPG,NORMAL,original,Remidio,
23.png,NORMAL,original,Forus,
11.png,NORMAL,original,Forus,
IMG_3158.JPG,NORMAL,original,Remidio,
IMG_2805.JPG,NORMAL,original,Remidio,
IMG_3338.JPG,NORMAL,original,Remidio,
IMG_3479.JPG,NORMAL,original,Remidio,
27.png,GLAUCOMA SUSPECT,original,Forus,
IMG_3596.JPG,NORMAL,original,Remidio,
IMG_3306.JPG,NORMAL,original,Remidio,
IMG_3637.JPG,NORMAL,original,Remidio,
IMG_3681.JPG,NORMAL,original,Remidio,
94.png,NORMAL,original,Forus,
IMG_3294.JPG,GLAUCOMA SUSPECT,original,Remidio,
IMG_3591.JPG,NORMAL,original,Remidio,
IMG_3318.JPG,NORMAL,original,Remidio,
IMG_2622.JPG,NORMAL,original,Remidio,
IMG_3175.JPG,NORMAL,original,Remidio,
IMG_2723.JPG,NORMAL,original,Remidio,
IMG_3245.JPG,NORMAL,original,Remidio,
IMG_2491.JPG,NORMAL,original,Remidio,
IMG_2587.JPG,NORMAL,original,Remidio,
Image161.JPG,NORMAL,original,Bosch,
IMG_3391.JPG,NORMAL,original,Remidio,
IMG_3524.JPG,NORMAL,original,Remidio,
IMG_2543.JPG,NORMAL,original,Remidio,
Image119.JPG,NORMAL,original,Bosch,
IMG_2634.JPG,NORMAL,original,Remidio,
IMG_2449.JPG,NORMAL,original,Remidio,
IMG_3705.JPG,NORMAL,original,Remidio,
IMG_2469.JPG,NORMAL,original,Remidio,
Image102.JPG,NORMAL,original,Bosch,
IMG_2637.JPG,NORMAL,original,Remidio,
IMG_3399.JPG,NORMAL,original,Remidio,
IMG_2550.JPG,NORMAL,original,Remidio,
Image176.JPG,NORMAL,original,Bosch,
Image132.JPG,NORMAL,original,Bosch,
IMG_3354.JPG,NORMAL,original,Remidio,
IMG_2450.JPG,NORMAL,original,Remidio,
IMG_3309.JPG,NORMAL,original,Remidio,
IMG_3253.JPG,NORMAL,original,Remidio,
IMG_3463.JPG,NORMAL,original,Remidio,
IMG_3416.JPG,NORMAL,original,Remidio,
12.png,NORMAL,original,Forus,
IMG_3639.JPG,NORMAL,original,Remidio,
Image121.JPG,NORMAL,original,Bosch,
IMG_2736.JPG,NORMAL,original,Remidio,
IMG_2778.JPG,NORMAL,original,Remidio,
IMG_2758.JPG,NORMAL,original,Remidio,
39636.jpg,NORMAL,original,Remidio,
IMG_3227.JPG,NORMAL,original,Remidio,
53.png,NORMAL,original,Forus,
IMG_2701.JPG,GLAUCOMA SUSPECT,original,Remidio,
IMG_2522.JPG,GLAUCOMA SUSPECT,original,Remidio,
IMG_2489.JPG,NORMAL,original,Remidio,
IMG_3196.JPG,NORMAL,original,Remidio,
Image131.JPG,NORMAL,original,Bosch,
IMG_2746.JPG,NORMAL,original,Remidio,
IMG_3556.JPG,NORMAL,original,Remidio,
IMG_3407.JPG,NORMAL,original,Remidio,
IMG_2709.JPG,NORMAL,original,Remidio,
IMG_2793.JPG,NORMAL,original,Remidio,
IMG_3368.JPG,NORMAL,original,Remidio,
IMG_3233.JPG,NORMAL,original,Remidio,
IMG_2698.JPG,NORMAL,original,Remidio,
IMG_2454.JPG,NORMAL,original,Remidio,
48.png,NORMAL,original,Forus,
P1_Image2.JPG,GLAUCOMA SUSPECT,original,Bosch,
IMG_3594.JPG,NORMAL,original,Remidio,
P3_Image2.JPG,NORMAL,original,Bosch,
IMG_3517.JPG,NORMAL,original,Remidio,
32.png,NORMAL,original,Forus,
IMG_2762.JPG,GLAUCOMA SUSPECT,original,Remidio,
IMG_3323.JPG,NORMAL,original,Remidio,
IMG_2594.JPG,NORMAL,original,Remidio,
51763.jpg,NORMAL,original,Remidio,
44.png,GLAUCOMA SUSPECT,original,Forus,
IMG_3159.JPG,GLAUCOMA SUSPECT,original,Remidio,
IMG_2463.JPG,GLAUCOMA SUSPECT,original,Remidio,
IMG_3193.JPG,NORMAL,original,Remidio,
IMG_2648.JPG,NORMAL,original,Remidio,
IMG_3208.JPG,NORMAL,original,Remidio,
76.png,NORMAL,original,Forus,
IMG_2699.JPG,NORMAL,original,Remidio,
IMG_3377.JPG,NORMAL,original,Remidio,
IMG_3461.JPG,NORMAL,original,Remidio,
IMG_3459.JPG,NORMAL,original,Remidio,
68.png,NORMAL,original,Forus,
IMG_3236.JPG,NORMAL,original,Remidio,
IMG_3234.JPG,NORMAL,original,Remidio,
37.png,NORMAL,original,Forus,
IMG_3592.JPG,NORMAL,original,Remidio,
39.png,GLAUCOMA SUSPECT,original,Forus,
IMG_3534.JPG,NORMAL,original,Remidio,
IMG_2640.JPG,NORMAL,original,Remidio,
IMG_3183.JPG,NORMAL,original,Remidio,
Image187.JPG,NORMAL,original,Bosch,
IMG_2531.JPG,NORMAL,original,Remidio,
IMG_3590.JPG,NORMAL,original,Remidio,
IMG_3455.JPG,NORMAL,original,Remidio,
IMG_2606.JPG,GLAUCOMA SUSPECT,original,Remidio,
IMG_3664.JPG,GLAUCOMA SUSPECT,original,Remidio,
IMG_2720.JPG,GLAUCOMA SUSPECT,original,Remidio,
IMG_2483.JPG,NORMAL,original,Remidio,
IMG_2554.JPG,NORMAL,original,Remidio,
P6_Image2.JPG,NORMAL,original,Bosch,
IMG_3305.JPG,NORMAL,original,Remidio,
IMG_3484.JPG,NORMAL,original,Remidio,
IMG_2573.JPG,NORMAL,original,Remidio,
IMG_3467.JPG,NORMAL,original,Remidio,
85.png,GLAUCOMA SUSPECT,original,Forus,
IMG_3219.JPG,NORMAL,original,Remidio,
IMG_3476.JPG,NORMAL,original,Remidio,
IMG_3449.JPG,NORMAL,original,Remidio,
Image165.JPG,GLAUCOMA SUSPECT,original,Bosch,
IMG_2629.JPG,NORMAL,original,Remidio,
Image141.JPG,NORMAL,original,Bosch,
IMG_3508.JPG,NORMAL,original,Remidio,
IMG_3528.JPG,NORMAL,original,Remidio,
87.png,NORMAL,original,Forus,
IMG_3339.JPG,GLAUCOMA SUSPECT,original,Remidio,
IMG_3457.JPG,NORMAL,original,Remidio,
IMG_2639.JPG,NORMAL,original,Remidio,
IMG_3322.JPG,NORMAL,original,Remidio,
IMG_2663.JPG,NORMAL,original,Remidio,
24.png,NORMAL,original,Forus,
IMG_3520.JPG,NORMAL,original,Remidio,
Image130.JPG,NORMAL,original,Bosch,
IMG_2556.JPG,GLAUCOMA SUSPECT,original,Remidio,
Image153.JPG,NORMAL,original,Bosch,
IMG_3523.JPG,NORMAL,original,Remidio,
IMG_3633.JPG,NORMAL,original,Remidio,
Image147.JPG,NORMAL,original,Bosch,
IMG_3489.JPG,NORMAL,original,Remidio,
IMG_3267.JPG,NORMAL,original,Remidio,
IMG_3583.JPG,NORMAL,original,Remidio,
IMG_2464.JPG,NORMAL,original,Remidio,
IMG_2623.JPG,NORMAL,original,Remidio,
IMG_2726.JPG,NORMAL,original,Remidio,
IMG_2590.JPG,NORMAL,original,Remidio,
IMG_3393.JPG,GLAUCOMA SUSPECT,original,Remidio,
IMG_3560.JPG,GLAUCOMA SUSPECT,original,Remidio,
IMG_3326.JPG,NORMAL,original,Remidio,
IMG_2791.JPG,NORMAL,original,Remidio,
IMG_3488.JPG,GLAUCOMA SUSPECT,original,Remidio,
IMG_2668.JPG,NORMAL,original,Remidio,
Image108.JPG,NORMAL,original,Bosch,
IMG_2677.JPG,NORMAL,original,Remidio,
IMG_2580.JPG,NORMAL,original,Remidio,
IMG_2459.JPG,GLAUCOMA SUSPECT,original,Remidio,
IMG_3243.JPG,NORMAL,original,Remidio,
IMG_3396.JPG,NORMAL,original,Remidio,
IMG_2616.JPG,NORMAL,original,Remidio,
P7_Image1.JPG,NORMAL,original,Bosch,
IMG_2614.JPG,GLAUCOMA SUSPECT,original,Remidio,
IMG_3162.JPG,NORMAL,original,Remidio,
IMG_3221.JPG,NORMAL,original,Remidio,
IMG_3249.JPG,NORMAL,original,Remidio,
IMG_3431.JPG,NORMAL,original,Remidio,
IMG_3462.JPG,NORMAL,original,Remidio,
IMG_2714.JPG,NORMAL,original,Remidio,
Image118.JPG,NORMAL,original,Bosch,
IMG_2666.JPG,NORMAL,original,Remidio,
IMG_3268.JPG,NORMAL,original,Remidio,
IMG_2600.JPG,NORMAL,original,Remidio,
IMG_3483.JPG,NORMAL,original,Remidio,
IMG_2632.JPG,NORMAL,original,Remidio,
IMG_2741.JPG,NORMAL,original,Remidio,
IMG_3447.JPG,NORMAL,original,Remidio,
IMG_3634.JPG,NORMAL,original,Remidio,
IMG_3604.JPG,NORMAL,original,Remidio,
Image128.JPG,GLAUCOMA SUSPECT,original,Bosch,
IMG_3320.JPG,GLAUCOMA SUSPECT,original,Remidio,
IMG_3706.JPG,NORMAL,original,Remidio,
IMG_3314.JPG,NORMAL,original,Remidio,
IMG_3195.JPG,NORMAL,original,Remidio,
IMG_3155.JPG,NORMAL,original,Remidio,
IMG_3585.JPG,NORMAL,original,Remidio,
IMG_2530.JPG,GLAUCOMA SUSPECT,original,Remidio,
IMG_2520.JPG,NORMAL,original,Remidio,
IMG_3498.JPG,NORMAL,original,Remidio,
IMG_3376.JPG,NORMAL,original,Remidio,
IMG_3486.JPG,GLAUCOMA SUSPECT,original,Remidio,
IMG_2721.JPG,NORMAL,original,Remidio,
IMG_3643.JPG,NORMAL,original,Remidio,
IMG_3366.JPG,NORMAL,original,Remidio,
Image124.JPG,NORMAL,original,Bosch,
IMG_3361.JPG,NORMAL,original,Remidio,
IMG_3434.JPG,GLAUCOMA SUSPECT,original,Remidio,
IMG_2610.JPG,NORMAL,original,Remidio,
IMG_2481.JPG,NORMAL,original,Remidio,
IMG_3417.JPG,NORMAL,original,Remidio,
82.png,GLAUCOMA SUSPECT,original,Forus,
IMG_2633.JPG,NORMAL,original,Remidio,
IMG_3689.JPG,NORMAL,original,Remidio,
IMG_3443.JPG,NORMAL,original,Remidio,
IMG_2719.JPG,NORMAL,original,Remidio,
IMG_2753.JPG,NORMAL,original,Remidio,
IMG_3702.JPG,NORMAL,original,Remidio,
IMG_3572.JPG,NORMAL,original,Remidio,
IMG_3248.JPG,NORMAL,original,Remidio,
1.png,GLAUCOMA SUSPECT,original,Forus,
IMG_3663.JPG,GLAUCOMA SUSPECT,original,Remidio,
IMG_3239.JPG,NORMAL,original,Remidio,
4.png,NORMAL,original,Forus,
IMG_2738.JPG,NORMAL,original,Remidio,
IMG_2804.JPG,NORMAL,original,Remidio,
IMG_3275.JPG,NORMAL,original,Remidio,
IMG_3223.JPG,NORMAL,original,Remidio,
IMG_2565.JPG,NORMAL,original,Remidio,
Image155.JPG,GLAUCOMA SUSPECT,original,Bosch,
IMG_2638.JPG,NORMAL,original,Remidio,
IMG_3317.JPG,NORMAL,original,Remidio,
IMG_3192.JPG,NORMAL,original,Remidio,
IMG_2717.JPG,NORMAL,original,Remidio,
IMG_2680.JPG,NORMAL,original,Remidio,
IMG_3282.JPG,NORMAL,original,Remidio,
IMG_3168.JPG,NORMAL,original,Remidio,
IMG_3350.JPG,NORMAL,original,Remidio,
Image186.JPG,NORMAL,original,Bosch,
IMG_2674.JPG,NORMAL,original,Remidio,
IMG_3230.JPG,NORMAL,original,Remidio,
P2_Image1.JPG,GLAUCOMA SUSPECT,original,Bosch,
IMG_2460.JPG,GLAUCOMA SUSPECT,original,Remidio,
IMG_3313.JPG,NORMAL,original,Remidio,
Image116.JPG,NORMAL,original,Bosch,
45.png,GLAUCOMA SUSPECT,original,Forus,
IMG_2775.JPG,NORMAL,original,Remidio,
Image105.JPG,NORMAL,original,Bosch,
IMG_2759.JPG,NORMAL,original,Remidio,
IMG_2456.JPG,NORMAL,original,Remidio,
IMG_2502.JPG,NORMAL,original,Remidio,
IMG_3266.JPG,GLAUCOMA SUSPECT,original,Remidio,
14.png,NORMAL,original,Forus,
IMG_3213.JPG,NORMAL,original,Remidio,
Image152.JPG,NORMAL,original,Bosch,
IMG_3526.JPG,NORMAL,original,Remidio,
IMG_3458.JPG,NORMAL,original,Remidio,
52.png,NORMAL,original,Forus,
Image117.JPG,NORMAL,original,Bosch,
IMG_3670.JPG,NORMAL,original,Remidio,
IMG_2521.JPG,GLAUCOMA SUSPECT,original,Remidio,
IMG_2696.JPG,NORMAL,original,Remidio,
IMG_3482.JPG,NORMAL,original,Remidio,
IMG_2662.JPG,NORMAL,original,Remidio,
IMG_3605.JPG,NORMAL,original,Remidio,
65.png,NORMAL,original,Forus,
IMG_3570.JPG,NORMAL,original,Remidio,
IMG_2605.JPG,NORMAL,original,Remidio,
IMG_3170.JPG,NORMAL,original,Remidio,
IMG_3472.JPG,NORMAL,original,Remidio,
IMG_2635.JPG,NORMAL,original,Remidio,
2.png,NORMAL,original,Forus,
P9_Image2.JPG,NORMAL,original,Bosch,
IMG_3394.JPG,GLAUCOMA SUSPECT,original,Remidio,
IMG_3464.JPG,NORMAL,original,Remidio,
IMG_3527.JPG,NORMAL,original,Remidio,
IMG_2507.JPG,NORMAL,original,Remidio,
IMG_3371.JPG,NORMAL,original,Remidio,
IMG_3485.JPG,NORMAL,original,Remidio,
34.png,NORMAL,original,Forus,
IMG_2776.JPG,NORMAL,original,Remidio,
IMG_3374.JPG,NORMAL,original,Remidio,
Image154.JPG,GLAUCOMA SUSPECT,original,Bosch,
IMG_2555.JPG,GLAUCOMA SUSPECT,original,Remidio,
IMG_3442.JPG,NORMAL,original,Remidio,
P5_Image1.JPG,NORMAL,original,Bosch,
IMG_2592.JPG,NORMAL,original,Remidio,
IMG_3357.JPG,NORMAL,original,Remidio,
IMG_3303.JPG,NORMAL,original,Remidio,
IMG_2438.JPG,NORMAL,original,Remidio,
IMG_2588.JPG,NORMAL,original,Remidio,
IMG_3328.JPG,NORMAL,original,Remidio,
IMG_2734.JPG,NORMAL,original,Remidio,
Image175.JPG,NORMAL,original,Bosch,
IMG_2563.JPG,NORMAL,original,Remidio,
21.png,NORMAL,original,Forus,
IMG_3250.JPG,NORMAL,original,Remidio,
15.png,NORMAL,original,Forus,
IMG_2562.JPG,NORMAL,original,Remidio,
IMG_3690.JPG,NORMAL,original,Remidio,
IMG_2458.JPG,NORMAL,original,Remidio,
33.png,NORMAL,original,Forus,
81.png,NORMAL,original,Forus,
P10_Image1.JPG,NORMAL,original,Bosch,
IMG_3199.JPG,GLAUCOMA SUSPECT,original,Remidio,
IMG_3197.JPG,GLAUCOMA SUSPECT,original,Remidio,
IMG_3362.JPG,NORMAL,original,Remidio,
IMG_2547.JPG,NORMAL,original,Remidio,
IMG_3469.JPG,NORMAL,original,Remidio,
IMG_2528.JPG,GLAUCOMA SUSPECT,original,Remidio,
IMG_2577.JPG,NORMAL,original,Remidio,
IMG_2754.JPG,NORMAL,original,Remidio,
IMG_3475.JPG,NORMAL,original,Remidio,
Image189.JPG,GLAUCOMA SUSPECT,original,Bosch,
IMG_2669.JPG,NORMAL,original,Remidio,
IMG_2566.JPG,NORMAL,original,Remidio,
P5_Image2.JPG,NORMAL,original,Bosch,
IMG_3176.JPG,NORMAL,original,Remidio,
IMG_2484.JPG,NORMAL,original,Remidio,
IMG_3385.JPG,NORMAL,original,Remidio,
IMG_3287.JPG,NORMAL,original,Remidio,
IMG_3516.JPG,NORMAL,original,Remidio,
IMG_2493.JPG,NORMAL,original,Remidio,
73.png,NORMAL,original,Forus,
IMG_3441.JPG,NORMAL,original,Remidio,
IMG_2529.JPG,NORMAL,original,Remidio,
IMG_2686.JPG,NORMAL,original,Remidio,
Image171.JPG,NORMAL,original,Bosch,
IMG_2564.JPG,NORMAL,original,Remidio,
IMG_2627.JPG,NORMAL,original,Remidio,
IMG_2586.JPG,NORMAL,original,Remidio,
IMG_3687.JPG,NORMAL,original,Remidio,
IMG_2475.JPG,NORMAL,original,Remidio,
IMG_2790.JPG,NORMAL,original,Remidio,
IMG_2433.JPG,NORMAL,original,Remidio,
IMG_2570.JPG,NORMAL,original,Remidio,
IMG_3299.JPG,NORMAL,original,Remidio,
IMG_3254.JPG,NORMAL,original,Remidio,
IMG_3563.JPG,NORMAL,original,Remidio,
83.png,GLAUCOMA SUSPECT,original,Forus,
IMG_3456.JPG,NORMAL,original,Remidio,
IMG_3525.JPG,NORMAL,original,Remidio,
IMG_3270.JPG,NORMAL,original,Remidio,
5.png,NORMAL,original,Forus,
IMG_3506.JPG,NORMAL,original,Remidio,
IMG_3228.JPG,NORMAL,original,Remidio,
IMG_3703.JPG,NORMAL,original,Remidio,
IMG_3430.JPG,NORMAL,original,Remidio,
IMG_3177.JPG,GLAUCOMA SUSPECT,original,Remidio,
IMG_3676.JPG,NORMAL,original,Remidio,
IMG_3694.JPG,NORMAL,original,Remidio,
IMG_3415.JPG,NORMAL,original,Remidio,
IMG_2591.JPG,NORMAL,original,Remidio,
IMG_2700.JPG,NORMAL,original,Remidio,
42.png,NORMAL,original,Forus,
IMG_3397.JPG,NORMAL,original,Remidio,
IMG_2571.JPG,NORMAL,original,Remidio,
IMG_3429.JPG,GLAUCOMA SUSPECT,original,Remidio,
IMG_3252.JPG,NORMAL,original,Remidio,
20.png,NORMAL,original,Forus,
IMG_3532.JPG,NORMAL,original,Remidio,
IMG_3379.JPG,NORMAL,original,Remidio,
IMG_3529.JPG,NORMAL,original,Remidio,
Image125.JPG,NORMAL,original,Bosch,
Image112.JPG,NORMAL,original,Bosch,
IMG_3666.JPG,GLAUCOMA SUSPECT,original,Remidio,
26.png,GLAUCOMA SUSPECT,original,Forus,
IMG_3549.JPG,NORMAL,original,Remidio,
IMG_3315.JPG,NORMAL,original,Remidio,
IMG_3642.JPG,NORMAL,original,Remidio,
IMG_2511.JPG,NORMAL,original,Remidio,
IMG_3474.JPG,GLAUCOMA SUSPECT,original,Remidio,
IMG_3229.JPG,NORMAL,original,Remidio,
IMG_3546.JPG,GLAUCOMA SUSPECT,original,Remidio,
IMG_3587.JPG,NORMAL,original,Remidio,
IMG_2642.JPG,NORMAL,original,Remidio,
IMG_3530.JPG,NORMAL,original,Remidio,
Image104.JPG,NORMAL,original,Bosch,
IMG_3448.JPG,NORMAL,original,Remidio,
IMG_2673.JPG,NORMAL,original,Remidio,
IMG_2756.JPG,NORMAL,original,Remidio,
IMG_2611.JPG,NORMAL,original,Remidio,
aug_001_82021.jpg,GLAUCOMA SUSPECT,augmented,Remidio,rot=-0.6° br=0.98 ct=0.99
aug_002_IMG_3319.jpg,GLAUCOMA SUSPECT,augmented,Remidio,rot=-1.0° br=0.98 ct=0.9
aug_003_IMG_3576.jpg,GLAUCOMA SUSPECT,augmented,Remidio,rot=4.7° br=0.94 ct=1.06
aug_004_IMG_2581.jpg,GLAUCOMA SUSPECT,augmented,Remidio,rot=1.4° br=1.06 ct=1.05
aug_005_IMG_2581.jpg,GLAUCOMA SUSPECT,augmented,Remidio,rot=-1.0° br=1.05 ct=0.99
aug_006_13.jpg,GLAUCOMA SUSPECT,augmented,Forus,rot=0.1° br=1.09 ct=0.93
aug_007_Image115.jpg,GLAUCOMA SUSPECT,augmented,Bosch,rot=-1.8° br=1.02 ct=0.98
aug_008_IMG_3519.jpg,GLAUCOMA SUSPECT,augmented,Remidio,rot=-3.4° br=1.09 ct=1.02
aug_009_69707.jpg,GLAUCOMA SUSPECT,augmented,Remidio,rot=0.1° br=0.98 ct=1.02
aug_010_Image114.jpg,GLAUCOMA SUSPECT,augmented,Bosch,rot=3.6° br=1.0 ct=1.06
aug_011_IMG_2534.jpg,GLAUCOMA SUSPECT,augmented,Remidio,rot=-4.2° br=1.07 ct=1.06
aug_012_IMG_3340.jpg,GLAUCOMA SUSPECT,augmented,Remidio,rot=4.3° br=0.95 ct=0.96
aug_013_IMG_2551.jpg,GLAUCOMA SUSPECT,augmented,Remidio,rot=1.1° br=0.92 ct=1.01
aug_014_IMG_3636.jpg,GLAUCOMA SUSPECT,augmented,Remidio,rot=-0.8° br=1.03 ct=0.98
aug_015_IMG_3237.jpg,GLAUCOMA SUSPECT,augmented,Remidio,rot=2.2° br=0.91 ct=1.08
aug_016_IMG_3237.jpg,GLAUCOMA SUSPECT,augmented,Remidio,rot=4.7° br=0.92 ct=1.05
aug_017_IMG_2538.jpg,GLAUCOMA SUSPECT,augmented,Remidio,rot=2.2° br=1.0 ct=1.09
aug_018_IMG_2538.jpg,GLAUCOMA SUSPECT,augmented,Remidio,rot=-1.9° br=0.98 ct=0.98
aug_019_Image150.jpg,GLAUCOMA SUSPECT,augmented,Bosch,rot=-0.1° br=0.94 ct=0.98
aug_020_IMG_3238.jpg,GLAUCOMA SUSPECT,augmented,Remidio,rot=2.1° br=0.95 ct=0.95
aug_021_IMG_2552.jpg,GLAUCOMA SUSPECT,augmented,Remidio,rot=-0.8° br=0.95 ct=0.93
aug_022_IMG_2552.jpg,GLAUCOMA SUSPECT,augmented,Remidio,rot=-3.5° br=1.05 ct=1.01
aug_023_IMG_3481.jpg,GLAUCOMA SUSPECT,augmented,Remidio,rot=1.7° br=1.08 ct=1.04
aug_024_IMG_3451.jpg,GLAUCOMA SUSPECT,augmented,Remidio,rot=2.9° br=0.92 ct=1.08
aug_025_IMG_3190.jpg,GLAUCOMA SUSPECT,augmented,Remidio,rot=-2.2° br=1.0 ct=0.94
aug_026_IMG_3293.jpg,GLAUCOMA SUSPECT,augmented,Remidio,rot=1.0° br=0.92 ct=0.97
aug_027_P2_Image2.jpg,GLAUCOMA SUSPECT,augmented,Bosch,rot=-3.6° br=1.02 ct=0.96
aug_028_IMG_3588.jpg,GLAUCOMA SUSPECT,augmented,Remidio,rot=2.1° br=0.91 ct=0.97
aug_029_IMG_3635.jpg,GLAUCOMA SUSPECT,augmented,Remidio,rot=3.5° br=1.06 ct=0.95
aug_030_Image101.jpg,GLAUCOMA SUSPECT,augmented,Bosch,rot=0.9° br=1.08 ct=1.01
aug_031_Image127.jpg,GLAUCOMA SUSPECT,augmented,Bosch,rot=0.6° br=1.08 ct=0.9
aug_032_IMG_3160.jpg,GLAUCOMA SUSPECT,augmented,Remidio,rot=-1.4° br=0.97 ct=1.1
aug_033_IMG_2742.jpg,GLAUCOMA SUSPECT,augmented,Remidio,rot=-1.9° br=0.92 ct=1.01
aug_034_IMG_2742.jpg,GLAUCOMA SUSPECT,augmented,Remidio,rot=-1.4° br=1.0 ct=1.08
aug_035_IMG_2713.jpg,GLAUCOMA SUSPECT,augmented,Remidio,rot=-4.8° br=1.02 ct=0.96
aug_036_Image148.jpg,GLAUCOMA SUSPECT,augmented,Bosch,rot=2.1° br=1.06 ct=1.0
aug_037_IMG_2537.jpg,GLAUCOMA SUSPECT,augmented,Remidio,rot=-2.5° br=1.0 ct=1.1
aug_038_IMG_2537.jpg,GLAUCOMA SUSPECT,augmented,Remidio,rot=-4.7° br=1.09 ct=1.1
aug_039_91.jpg,GLAUCOMA SUSPECT,augmented,Forus,rot=0.4° br=1.08 ct=1.09
aug_040_IMG_2781.jpg,GLAUCOMA SUSPECT,augmented,Remidio,rot=3.7° br=0.91 ct=0.95
aug_041_IMG_3191.jpg,GLAUCOMA SUSPECT,augmented,Remidio,rot=-3.1° br=0.92 ct=1.07
aug_042_IMG_3198.jpg,GLAUCOMA SUSPECT,augmented,Remidio,rot=4.8° br=1.03 ct=0.93
aug_043_IMG_3198.jpg,GLAUCOMA SUSPECT,augmented,Remidio,rot=-3.5° br=1.08 ct=0.93
aug_044_IMG_3360.jpg,GLAUCOMA SUSPECT,augmented,Remidio,rot=1.6° br=1.01 ct=0.97
aug_045_Image159.jpg,GLAUCOMA SUSPECT,augmented,Bosch,rot=3.1° br=1.08 ct=1.06
aug_046_IMG_2730.jpg,GLAUCOMA SUSPECT,augmented,Remidio,rot=-3.1° br=0.94 ct=1.05
aug_047_IMG_2780.jpg,GLAUCOMA SUSPECT,augmented,Remidio,rot=4.3° br=1.02 ct=1.06
aug_048_IMG_2510.jpg,GLAUCOMA SUSPECT,augmented,Remidio,rot=-3.9° br=0.95 ct=0.99
aug_049_IMG_3359.jpg,GLAUCOMA SUSPECT,augmented,Remidio,rot=0.3° br=0.95 ct=1.02
aug_050_Image149.jpg,GLAUCOMA SUSPECT,augmented,Bosch,rot=3.9° br=1.01 ct=0.91
aug_051_IMG_3412.jpg,GLAUCOMA SUSPECT,augmented,Remidio,rot=-2.6° br=1.09 ct=1.07
aug_052_IMG_3545.jpg,GLAUCOMA SUSPECT,augmented,Remidio,rot=3.9° br=0.96 ct=0.97
aug_053_IMG_2527.jpg,GLAUCOMA SUSPECT,augmented,Remidio,rot=2.3° br=1.09 ct=1.04
aug_054_27.jpg,GLAUCOMA SUSPECT,augmented,Forus,rot=-2.1° br=1.08 ct=1.02
aug_055_IMG_3294.jpg,GLAUCOMA SUSPECT,augmented,Remidio,rot=1.1° br=0.92 ct=0.94
aug_056_IMG_2701.jpg,GLAUCOMA SUSPECT,augmented,Remidio,rot=4.4° br=1.05 ct=1.04
aug_057_IMG_2522.jpg,GLAUCOMA SUSPECT,augmented,Remidio,rot=1.8° br=1.05 ct=1.05
aug_058_P1_Image2.jpg,GLAUCOMA SUSPECT,augmented,Bosch,rot=5.0° br=0.96 ct=1.0
aug_059_IMG_2762.jpg,GLAUCOMA SUSPECT,augmented,Remidio,rot=2.1° br=0.91 ct=1.09
aug_060_44.jpg,GLAUCOMA SUSPECT,augmented,Forus,rot=1.5° br=0.96 ct=1.06
aug_061_IMG_3159.jpg,GLAUCOMA SUSPECT,augmented,Remidio,rot=2.1° br=1.02 ct=0.91
aug_062_IMG_2463.jpg,GLAUCOMA SUSPECT,augmented,Remidio,rot=3.0° br=1.07 ct=1.08
aug_063_39.jpg,GLAUCOMA SUSPECT,augmented,Forus,rot=4.9° br=0.93 ct=1.03
aug_064_IMG_2606.jpg,GLAUCOMA SUSPECT,augmented,Remidio,rot=0.1° br=0.93 ct=1.05
aug_065_IMG_3664.jpg,GLAUCOMA SUSPECT,augmented,Remidio,rot=-1.5° br=1.0 ct=0.96
aug_066_IMG_2720.jpg,GLAUCOMA SUSPECT,augmented,Remidio,rot=-1.4° br=1.03 ct=1.01
aug_067_85.jpg,GLAUCOMA SUSPECT,augmented,Forus,rot=1.5° br=1.03 ct=0.95
aug_068_Image165.jpg,GLAUCOMA SUSPECT,augmented,Bosch,rot=-1.7° br=0.97 ct=1.0
aug_069_IMG_3339.jpg,GLAUCOMA SUSPECT,augmented,Remidio,rot=3.5° br=1.09 ct=1.05
aug_070_IMG_2556.jpg,GLAUCOMA SUSPECT,augmented,Remidio,rot=-2.7° br=1.02 ct=0.9
aug_071_IMG_3393.jpg,GLAUCOMA SUSPECT,augmented,Remidio,rot=3.3° br=0.95 ct=0.94
aug_072_IMG_3560.jpg,GLAUCOMA SUSPECT,augmented,Remidio,rot=-0.6° br=0.95 ct=1.07
aug_073_IMG_3488.jpg,GLAUCOMA SUSPECT,augmented,Remidio,rot=0.2° br=0.97 ct=1.03
aug_074_IMG_2459.jpg,GLAUCOMA SUSPECT,augmented,Remidio,rot=-4.6° br=0.98 ct=1.0
aug_075_IMG_2614.jpg,GLAUCOMA SUSPECT,augmented,Remidio,rot=-2.1° br=1.09 ct=1.09
aug_076_Image128.jpg,GLAUCOMA SUSPECT,augmented,Bosch,rot=-2.7° br=1.08 ct=1.08
aug_077_IMG_3320.jpg,GLAUCOMA SUSPECT,augmented,Remidio,rot=2.5° br=1.07 ct=1.04
aug_078_IMG_3320.jpg,GLAUCOMA SUSPECT,augmented,Remidio,rot=-2.1° br=1.05 ct=1.03
aug_079_IMG_2530.jpg,GLAUCOMA SUSPECT,augmented,Remidio,rot=-4.2° br=0.92 ct=0.9
aug_080_IMG_3486.jpg,GLAUCOMA SUSPECT,augmented,Remidio,rot=3.8° br=1.09 ct=1.06
aug_081_IMG_3434.jpg,GLAUCOMA SUSPECT,augmented,Remidio,rot=-2.9° br=0.98 ct=1.03
aug_082_82.jpg,GLAUCOMA SUSPECT,augmented,Forus,rot=-2.5° br=1.0 ct=0.93
aug_083_1.jpg,GLAUCOMA SUSPECT,augmented,Forus,rot=-3.7° br=0.97 ct=1.04
aug_084_IMG_3663.jpg,GLAUCOMA SUSPECT,augmented,Remidio,rot=-0.2° br=0.96 ct=1.08
aug_085_Image155.jpg,GLAUCOMA SUSPECT,augmented,Bosch,rot=2.0° br=0.94 ct=0.92
aug_086_P2_Image1.jpg,GLAUCOMA SUSPECT,augmented,Bosch,rot=2.9° br=0.93 ct=1.04
aug_087_IMG_2460.jpg,GLAUCOMA SUSPECT,augmented,Remidio,rot=1.5° br=1.02 ct=1.04
aug_088_45.jpg,GLAUCOMA SUSPECT,augmented,Forus,rot=4.2° br=0.9 ct=0.94
aug_089_IMG_3266.jpg,GLAUCOMA SUSPECT,augmented,Remidio,rot=3.4° br=1.05 ct=1.0
aug_090_IMG_2521.jpg,GLAUCOMA SUSPECT,augmented,Remidio,rot=0.4° br=0.95 ct=1.07
aug_091_IMG_2521.jpg,GLAUCOMA SUSPECT,augmented,Remidio,rot=-2.4° br=0.9 ct=0.97
aug_092_IMG_3394.jpg,GLAUCOMA SUSPECT,augmented,Remidio,rot=4.9° br=1.01 ct=0.99
aug_093_Image154.jpg,GLAUCOMA SUSPECT,augmented,Bosch,rot=-0.5° br=1.03 ct=0.92
aug_094_IMG_2555.jpg,GLAUCOMA SUSPECT,augmented,Remidio,rot=0.6° br=1.04 ct=1.08
aug_095_IMG_3199.jpg,GLAUCOMA SUSPECT,augmented,Remidio,rot=-4.4° br=1.07 ct=0.91
aug_096_IMG_3197.jpg,GLAUCOMA SUSPECT,augmented,Remidio,rot=4.2° br=0.98 ct=1.07
aug_097_IMG_3197.jpg,GLAUCOMA SUSPECT,augmented,Remidio,rot=2.2° br=0.94 ct=1.03
aug_098_IMG_2528.jpg,GLAUCOMA SUSPECT,augmented,Remidio,rot=-0.8° br=0.95 ct=1.08
aug_099_Image189.jpg,GLAUCOMA SUSPECT,augmented,Bosch,rot=0.6° br=1.03 ct=0.91
aug_100_83.jpg,GLAUCOMA SUSPECT,augmented,Forus,rot=3.5° br=0.95 ct=0.9
aug_101_IMG_3177.jpg,GLAUCOMA SUSPECT,augmented,Remidio,rot=2.3° br=0.95 ct=1.04
aug_102_IMG_3429.jpg,GLAUCOMA SUSPECT,augmented,Remidio,rot=-0.6° br=0.9 ct=0.97
aug_103_IMG_3666.jpg,GLAUCOMA SUSPECT,augmented,Remidio,rot=1.3° br=0.95 ct=0.91
aug_104_26.jpg,GLAUCOMA SUSPECT,augmented,Forus,rot=-0.4° br=1.0 ct=0.92
aug_105_IMG_3474.jpg,GLAUCOMA SUSPECT,augmented,Remidio,rot=-0.8° br=1.04 ct=1.01
aug_106_IMG_3474.jpg,GLAUCOMA SUSPECT,augmented,Remidio,rot=-4.7° br=1.03 ct=1.01
aug_107_IMG_3546.jpg,GLAUCOMA SUSPECT,augmented,Remidio,rot=-4.4° br=1.05 ct=0.95
